title,writer,publication,callno,href
国際私法,중서강,"東京 :有斐閣,2014",340.9 중서강국,https://library.cau.ac.kr/#/search/detail/6288202
不公正な取引方法 =Unfair trade practices,주전정지,"東京 :有斐閣,2009",343.530721 주전정불,https://library.cau.ac.kr/#/search/detail/4472654
The grid :the fraying wires between Americans and our energy future,"Bakke, Gretchen Anna","New York :Bloomsbury USA,2016(2017 printing)",333.7932 B168g,https://library.cau.ac.kr/#/search/detail/8476317
Computer organization and design :the hardware/software interface,"Patterson, David A",Amsterdam,004.22 H515cm-a,https://library.cau.ac.kr/#/search/detail/8476232
L'art et la psychanalyse,"Berge, André","Paris :Hermann,2012.",701.15 B495a,https://library.cau.ac.kr/#/search/detail/8376401
"Forensic science in contemporary American popular culture :gender, crime, and science","Steenberg, Lindsay","New York :Routledge,c2013.",363.250973 S814f,https://library.cau.ac.kr/#/search/detail/8376386
Polymer chemistry :an introduction,"Stevens, Malcolm P","New York :Oxford University Press,1999.",547.7 S845p3,https://library.cau.ac.kr/#/search/detail/8271613
The data journalist :getting the story,"Vallance-Jones, Fred","Don Mills, Ontario, Canada :Oxford University Press,2017.",070.430285 V177d,https://library.cau.ac.kr/#/search/detail/8271608
Introduction to Fourier optics,"Goodman, Joseph W","New York :W.H. Freeman, Macmillan Learning,2017.",621.3601515 G653i4,https://library.cau.ac.kr/#/search/detail/8271604
Disorders of movement :a guide to diagnosis and treatment,"Martino, Davide","Berlin, Heidelberg :Springer Berlin Heidelberg,2016.",616.83 M386d,https://library.cau.ac.kr/#/search/detail/8271585
Organic chemistry,"Clayden, Jonathan",Oxford,547 C622o2,https://library.cau.ac.kr/#/search/detail/8210728
"Mastering Blockchain :distributed ledgers, decentralization and smart contracts explained","Bashir, Imran","Birmingham, UK :Packt Publishing,2017.",332.178 B299m,https://library.cau.ac.kr/#/search/detail/8182654
Aurélien :le monde réel : roman,Aragon,"[Paris] :Gallimard,2016.",843 A659a,https://library.cau.ac.kr/#/search/detail/8182646
Human resource management,"Lim, Ghee Soon","Singapore :Cengage Learning,2010.",658.30095 L732h,https://library.cau.ac.kr/#/search/detail/8182638
Lesen & Schreiben.B2,"Billina, Anneli","München :Hueber,2017.",438.24 L628 B2,https://library.cau.ac.kr/#/search/detail/8182312
The economics of transport :a theoretical and applied perspective,"Cowie, Jonathan",London,388.049 C874e,https://library.cau.ac.kr/#/search/detail/8181673
Final Cut Pro 7,"Weynand, Diana","Berkeley, Calif. :Peachpit Press,c2010.",778.593 W549f7,https://library.cau.ac.kr/#/search/detail/8181302
Inequality reexamined,"Sen, Amartya","Oxford :Oxford University Press,2009.",320.011 S474in,https://library.cau.ac.kr/#/search/detail/8181010
Second language acquisition,"Slabakova, Roumyana","Oxford :Oxford University Press,2016.",401.8 S631s,https://library.cau.ac.kr/#/search/detail/8179827
"The technology of journalism :cultural agents, cultural icons","Dooley, Patricia L","Evanston, Ill. :Northwestern University Press,c2007.",070.40285 D691t,https://library.cau.ac.kr/#/search/detail/8178594
Community and public health nursing :evidence for practice,"Harkness, Gail A","Philadelphia :Wolters Kluwer,c2016.",610.7343 H282c2,https://library.cau.ac.kr/#/search/detail/8178593
Feedback control theory,"Doyle, John Comstock","Mineola, N.Y. :Dover,2009.",629.8932 D754f,https://library.cau.ac.kr/#/search/detail/8177695
"Managing the construction process :estimating, scheduling, and project control","Gould, Frederick E","Boston :Prentice Hall,c2012.",690 G696m4,https://library.cau.ac.kr/#/search/detail/8177659
The EM algorithm and extensions,"McLachlan, Geoffrey J","Hoboken, N.J. :Wiley-Interscience,c2008.",519.544 M161e2,https://library.cau.ac.kr/#/search/detail/8177651
Introduction to Building,"Osbourn, Derek","London :Routledge,2013(2015 printing)","690 O81i, 690 O81i5",https://library.cau.ac.kr/#/search/detail/8177646
Making connections :skills and strategies for academic reading.3,"Pakenham, Kenneth J","Cambridge :Cambridge University Press,c2013.",428.64 M235-3 v.3/v.3 sup.,https://library.cau.ac.kr/#/search/detail/8177501
Methods of multivariate analysis,"Rencher, Alvin C","Hoboken, New Jersey :Wiley,c2012.",519.535 R396m3,https://library.cau.ac.kr/#/search/detail/8177445
Fundamentals of the fungi,"Moore-Landecker, Elizabeth","Upper Saddle River, N.J. :Prentice Hall,c1996(2002 printing)",579.5 M825f4,https://library.cau.ac.kr/#/search/detail/8177432
Applied multivariate statistical analysis,"Johnson, Richard A","Harlow :Pearson,2014.",519.535 J68a6-i,https://library.cau.ac.kr/#/search/detail/7792959
Planning health promotion programs :an intervention mapping approach,"Bartholomew Eldredge, L. Kay","San Francisco, CA :Jossey-Bass & Pfeiffer Imprints, Wiley,c2016.",362.1 B287p4,https://library.cau.ac.kr/#/search/detail/7753577
Theories of international relations,"Burchill, Scott","New York :Palgrave Macmillan,2013.",327.101 B947t5,https://library.cau.ac.kr/#/search/detail/7400113
Employee engagement in theory and practice,"Truss, Catherine","Milton Park, Abingdon, Oxon",658.314 T873e,https://library.cau.ac.kr/#/search/detail/6324756
Increasing student engagement and retention in e-learning environments :Web 2.0 and blended learning technologies,"Wankel, Charles","Bingley :Emerald,2013.",371.2913 W247iw,https://library.cau.ac.kr/#/search/detail/5940622
Increasing student engagement and retention using online learning activities.classroom response systems and mediated discourse technologies,"Wankel, Charles","Bingley, UK :Emerald,2013.",378.17344 W247i,https://library.cau.ac.kr/#/search/detail/5841850
International yearbook of industrial statistics,United Nations Industrial Development Organization,Vienna :United Nations Industrial Development Organization,R 338 I61 2011/2012/2013/2014/2015/2017,https://library.cau.ac.kr/#/search/detail/5658974
The concept of abuse in EU competition law :law and economic approaches,"Akman, Pinar","Oxford, UK",343.240721 A315c,https://library.cau.ac.kr/#/search/detail/5658520
The physics of solar cells,"Nelson, Jenny",London :Imperial College Press,537.54 N427p,https://library.cau.ac.kr/#/search/detail/5405893
Berman's pediatric decision making,"Bajaj, Lalit","Philadelphia, PA :Elsevier/Mosby,c2011.",618.92 B165b5,https://library.cau.ac.kr/#/search/detail/5250142
Great Writing,"Folse, Keith S","Boston :Heinle Cengage Learning,c2010-2015.",428.2 G786-3 v.1/v.2/v.3,https://library.cau.ac.kr/#/search/detail/5242167
Social psychology of consumer behavior,"Wänke, Michaela","New York :Psychology Press,c2009.",658.8342 W247s,https://library.cau.ac.kr/#/search/detail/5236409
Moonwalking with Einstein :the art and science of remembering everything,"Foer, Joshua","New York :Penguin Press,2011(2012 printing)",153.14 F654m,https://library.cau.ac.kr/#/search/detail/5149288
Cultural economy :cultural analysis and commercial life,"DuGay, Paul",London,null,https://library.cau.ac.kr/#/search/detail/4822429
Cultural political economy,"Best, Jacqueline","London :Routledge,2010",306.3 B561c,https://library.cau.ac.kr/#/search/detail/4804330
Introduction to meta-analysis,"Borenstein, Michael","Chichester, West Sussex, U.K.",610.72 B731i,https://library.cau.ac.kr/#/search/detail/4751248
"China's ascent :power, security, and the future of international politics","Ross, Robert S",Ithaca,null,https://library.cau.ac.kr/#/search/detail/4691372
International politics and the environment,"Mitchell, Ronald B","London :SAGE,2010.",363.70526 M682i,https://library.cau.ac.kr/#/search/detail/4688220
Against the romance of community,"Joseph, Miranda","Minneapolis :University of Minnesota Press,c2002.",307 J83a,https://library.cau.ac.kr/#/search/detail/4656360
Democracy across borders :from Dêmos to Dêmoi,"Bohman, James","Cambridge, Mass. :MIT Press,c2007.",321.8 B676dm,https://library.cau.ac.kr/#/search/detail/4608503
"Networked politics :agency, power, and governance","Kahler, Miles","Ithaca :Cornell University Press,2009.",302.35 K12n,https://library.cau.ac.kr/#/search/detail/4555269
Field and laboratory methods for general ecology,"Brower, James E","Boston, Mass. :WCB McGraw-Hill,c1998.",577.078 B877f4,https://library.cau.ac.kr/#/search/detail/4523581
Biomechanics :concepts and computation,"Oomens, C. W. J",Cambridge,571.43 O59b,https://library.cau.ac.kr/#/search/detail/4444403
Inclusion and democracy,"Young, Iris Marion","Oxford :Oxford University Press,2002.",321.8 Y72i,https://library.cau.ac.kr/#/search/detail/4421664
"Deliberative democracy and beyond :liberals, critics, contestations","Dryzek, John S","Oxford :Oxford University Press,2002.",null,https://library.cau.ac.kr/#/search/detail/4418297
Debating deliberative democracy,"Fishkin, James S","Malden, MA : Blackwell,2003.",321.8 F537d,https://library.cau.ac.kr/#/search/detail/1349776
"Cooperative capitalism :self-regulation, trade associations, and the antimonopoly law in Japan","Schaede, Ulrike",Oxford,338.953 S293c,https://library.cau.ac.kr/#/search/detail/1165570
Speech acts in the history of English,"Jucker, Andreas H",Amsterdam,420.9 J91s,https://library.cau.ac.kr/#/search/detail/617954
Business rankings annual,Business Library (Brooklyn Public Library),"Detroit, Mich. :Gale Research, c1989-",R 338.740973 B979 2007/2007 index/2008/2008 index,https://library.cau.ac.kr/#/search/detail/576404
Reflective democracy,"Goodin, Robert E",Oxford,321.801 G652r,https://library.cau.ac.kr/#/search/detail/547830
Antitrust and monopoly,"Armentano, Dominick T","Oakland, Calif. :Independent Institute,1990.",343.730721 A728a2,https://library.cau.ac.kr/#/search/detail/546962
Economics of regulation and antitrust,"Viscusi, W. Kip","Cambridge, MA :MIT Press,2005.",338.973 V827e4,https://library.cau.ac.kr/#/search/detail/541277
Antitrust law,"Posner, Richard A","Chicago :University of Chicago Press,c2001.",null,https://library.cau.ac.kr/#/search/detail/541058
The purpose-driven life :what on earth am I here for?,"Warren, Richard","Grand Rapids, Mich. :Zondervan,c2002.",248.4 W292p,https://library.cau.ac.kr/#/search/detail/478937
Regulating the poor :the functions of public welfare,"Piven, Frances Fox","New York :Vintage Books,1993.",361.973 P693r-1,https://library.cau.ac.kr/#/search/detail/464961
Linkers and loaders,"Levine, John R","San Francisco :Morgan Kaufmann,c2000.",null,https://library.cau.ac.kr/#/search/detail/444672
Deliberative democracy :essays on reason and politics,"Bohman, James","Cambridge, Mass. :MIT Press,c1997.",321.8 B676d,https://library.cau.ac.kr/#/search/detail/296992
Immobilized biomolecules in analysis :a practical approach,"Cass, Tony",Oxford,572.36 C343i,https://library.cau.ac.kr/#/search/detail/293506
Design and construction of sanitary and storm sewers,Joint Committee on Revision of Manual of Practice of Design and Construction of Sanitary and Storm Sewers,[New York] :[s.n.]1969,628.168 J74d,https://library.cau.ac.kr/#/search/detail/130646
A history of the study of human growth,"Tanner, J. M",Cambridge [Cambridgeshire],612.609 T166h,https://library.cau.ac.kr/#/search/detail/84132
퇴근 후 고양이랑 한잔 :나를 위로하는 보드라운 시간 :진고로호 그림 에세이,진고로호,"서울 :꼼지락,2017",636.80887 진고로퇴,https://library.cau.ac.kr/#/search/detail/8476197
(Harryyo's) 스마트폰으로 사진 잘 찍는 책,유환준,"서울 :정보문화사,2017",771.33 유환준스,https://library.cau.ac.kr/#/search/detail/8476184
(무작정 따라하기) 오사카 교토 =Osaka Kyoto :고베·나라·와카야마,홍유진,"서울 :길벗,2017",915.396 홍유진오 2017 v.1/2017 v.2,https://library.cau.ac.kr/#/search/detail/8476013
(꼼꼼한 재은 씨의) Swift :문법편,이재은,"부천 :루비페이퍼,2017",005.25 이재은스문,https://library.cau.ac.kr/#/search/detail/8475959
이병주 연구,김윤식,"서울 :국학자료원 :새미,2015",811.3 이병주김국,https://library.cau.ac.kr/#/search/detail/8475926
소중한 것은 모두 일상 속에 있다 :일상을 정갈하게 마음을 고요하게,야마시타 히데코,"파주 :이봄,2017",158.1 야마시대이,https://library.cau.ac.kr/#/search/detail/8475817
국왕국어 기출분석,김병태,"서울 :에스티유니타스 :ST Unitas,2017",411.076 김병태국기 2018 v.1/2018 v.2/2018 v.3,https://library.cau.ac.kr/#/search/detail/8475816
이병주 문학의 역사와 사회 인식,김윤식,"서울 :바이북스,2017",811.3 이병주김,https://library.cau.ac.kr/#/search/detail/8475796
르포 트럼프 왕국 :어째서 트럼프인가,금성융일,"서울 :에이케이커뮤니케이션즈,2017",320.973 금성융루김,https://library.cau.ac.kr/#/search/detail/8475720
인간 실격,태재치,"서울 :민음사,2004(2017 61쇄)",808.8 세계문민 v.103,https://library.cau.ac.kr/#/search/detail/8326764
약물치료학 :최적의 임상약료서비스 제공을 위한 약물요법,한국임상약학회,"서울 :신일북스,2017",615.58 한국임약 2017 v.1/2017 v.2,https://library.cau.ac.kr/#/search/detail/8323834
트럼프는 어떻게 미국 대선의 승리자가 되었나 :2016년 미국 대선과 아웃사이더 시대,미국정치연구회,"서울 :오름,2017",324.973 미국정트,https://library.cau.ac.kr/#/search/detail/8323820
블라디보스토크 =Vladivostok :블라디보스토크 전문가가 만든 최신 가이드북,조대현,"서울 :#해시태그,2017",914.7 조대현블,https://library.cau.ac.kr/#/search/detail/8320468
"다시, 중국의 길을 묻다 :시진핑 시대의 국가전략",문홍화,"서울 :성균관대학교출판부,2017",320.952 문홍화중성,https://library.cau.ac.kr/#/search/detail/8320433
섬 :시인의 그림이 있는 정현종 시선집,정현종,"파주 :문학판,2015(2017 4쇄)",811.1 정현종섬2,https://library.cau.ac.kr/#/search/detail/8320249
(EBS 특별기획) 통찰,EBS,"서울 :베가북스,2017",001.3 이비에통,https://library.cau.ac.kr/#/search/detail/8320245
내 마음을 읽는 시간 :관계와 감정이 편해지는 심리학 공부,변지영,"서울 :더퀘스트,2017",158 변지영내,https://library.cau.ac.kr/#/search/detail/8320235
하루 5분 아침 일기,정지현,"서울 :심야책방 :midnight bookstore,2017",158.1 I61f정,https://library.cau.ac.kr/#/search/detail/8320234
또다시 같은 꿈을 꾸었어,주야요루,"서울 :소미미디어,2017",813.3 주야요마양,https://library.cau.ac.kr/#/search/detail/8320227
너니까 좋아 너라서 좋아 :쏘야쭝아의 달달한 연애상담소,신소현,"파주 :시드앤피드 :박하,2017",646.77 신소현너,https://library.cau.ac.kr/#/search/detail/8320224
나는 4시간만 일한다,"Ferriss, Timothy","[남양주] :다른상상 :빛과향기,2017",650.1 F394f2최,https://library.cau.ac.kr/#/search/detail/8320219
"늘 그렇듯, 네가 좋으면 나도 좋아",김재우,"파주 :넥서스BOOKS :넥서스,2017",811.8 김재우늘,https://library.cau.ac.kr/#/search/detail/8320217
엄마의 자존감 공부 :천 번을 미안해도 나는 엄마다,김미경,"파주 :21세기북스 :북이십일 21세기북스,2017",649.1 김미경엄,https://library.cau.ac.kr/#/search/detail/8320208
나는 돈이 없어도 사업을 한다 :스펙도 나이도 필요 없는 주말 48시간의 기적,"Doherty, Fraser","서울 :비즈니스북스,2017",658.11 D655f박,https://library.cau.ac.kr/#/search/detail/8319915
히끄네 집 :고양이 히끄와 아부지의 제주 생활기,이신아,"서울 :야옹서가,2017",636.80887 이신아히,https://library.cau.ac.kr/#/search/detail/8319891
파리에서 도시락을 파는 여자 :평범한 대한민국 여자가 유럽에서 일으킨 기적,최켈리,"파주 :다산 3.0 :다산북스,2017",650.1 최켈리파,https://library.cau.ac.kr/#/search/detail/8319875
모든 순간의 철학 :일상을 바꾸는 새로운 시선,박남희,"서울 :현암사,2017",102 박남희모,https://library.cau.ac.kr/#/search/detail/8319867
리듬 up! 감성 up! :영유아 교사를 위한 음악활동의 실제,방은영,"고양 :공동체,2016",372.87 방은영리 v.1/v.2/v.3,https://library.cau.ac.kr/#/search/detail/8269996
운을 읽는 변호사 :1만 명 의뢰인의 삶을 분석한 결과,서중무,"서울 :알투스,2017",179.9 서중무이최,https://library.cau.ac.kr/#/search/detail/8210760
서른의 반격 :손원평 장편소설,손원평,"서울 :은행나무,2017",811.3 손원평서,https://library.cau.ac.kr/#/search/detail/8210684
"옵션 B :역경에 맞서고, 회복탄력성을 키우며, 삶의 기쁨을 찾는 법","Sandberg, Sheryl","서울 :와이즈베리 :미래엔,2017",155.937092 S213o안,https://library.cau.ac.kr/#/search/detail/8210683
블랙코미디 :유병재 농담집,유병재,"파주 :비채 :김영사,2017",811.8 유병재블,https://library.cau.ac.kr/#/search/detail/8210607
(내 몸의 균형과 라인을 확! 잡아주는) 소도구 필라테스 =Pilates props,장영진,"서울 :DH미디어,2017",613.7192 장영진소,https://library.cau.ac.kr/#/search/detail/8210604
폼롤러 홈 필라테스 =Foam roller home pilates :누워만 있어도 라인이 살아나는 바디 스트레칭,이은형,"서울 :청림Life :청림,2017",613.7192 이은형폼,https://library.cau.ac.kr/#/search/detail/8210603
한달 후 일년 후,"Sagan, Françoise","서울 :소담출판사,2007(2013 10쇄)",null,https://library.cau.ac.kr/#/search/detail/8210531
마인드셋 :스탠퍼드 인간 성장 프로젝트 :원하는 것을 이루는 '태도의 힘',"Dweck, Carol S","서울 :스몰빅라이프 :스몰빅미디어,2017",153.8 D989m김,https://library.cau.ac.kr/#/search/detail/8210297
스튜어트 미분적분학,"Stewart, James","서울 :북스힐,2017",515 S849c8미,https://library.cau.ac.kr/#/search/detail/8210296
신경 끄기의 기술 :인생에서 가장 중요한 것만 남기는 힘,"Manson, Mark","서울 :갤리온 :웅진씽크빅,2017",158.1 M289s한,https://library.cau.ac.kr/#/search/detail/8183228
봉제인형 살인사건 :다니엘 콜 장편소설,"Cole, Daniel","파주 :북플라자,2017",823 C689r유,https://library.cau.ac.kr/#/search/detail/8183224
"아무튼, 게스트하우스",장성민,"파주 :위고,2017",811.8 장성민아,https://library.cau.ac.kr/#/search/detail/8183198
골목의 전쟁 :소비시장은 어떻게 움직이는가,김영준,"서울 :스마트북스,2017",658.83 김영준골,https://library.cau.ac.kr/#/search/detail/8183106
눈먼 자들의 도시,"Saramago, José","서울 :해냄,2002(2017 82쇄)",869.3 S243e정2,https://library.cau.ac.kr/#/search/detail/8182913
시와 반시,"Parra, Nicanor","서울 :읻다,2017",861 P259p박,https://library.cau.ac.kr/#/search/detail/8182671
(국역) 공사기고,이윤선,"서울 :서울역사편찬원,2017",811.96 이윤선공서 v.1/v.2,https://library.cau.ac.kr/#/search/detail/8182584
타인은 나를 모른다 :소노 아야코 에세이,증야능자,"서울 :책읽는고양이 :리수,2017",813.4 증야능선오,https://library.cau.ac.kr/#/search/detail/8182499
나를 변화시키는 좋은 습관 =Good habit :습관을 바꾸면 인생이 달라진다,한창욱,"파주 :다연,2017",158.1 한창욱나3,https://library.cau.ac.kr/#/search/detail/8182483
디지털 노마드 =Digital nomad :직장 없이 자유롭게 돈 버는 사람들,권광현,"서울 :Raon Book :라온북,2017",650.12 권광현디,https://library.cau.ac.kr/#/search/detail/8182475
메모의 재발견 :어제의 나를 변화시키는 작지만 강력한 메모의 힘,재등효,"서울 :비즈니스북스,2017",651.755 재등효두김,https://library.cau.ac.kr/#/search/detail/8182459
남아 있는 나날,"Ishiguro, Kazuo","서울 :민음사,2010(2017 14쇄)",823 I79r송2,https://library.cau.ac.kr/#/search/detail/8182421
어쩌다 어른 :OtvN 프리미엄 특강쇼,OtvN,"파주 :교보문고,2017",001.3 어쩌다어,https://library.cau.ac.kr/#/search/detail/8182417
불안이라는 위안 :마음이 요동칠 때 되뇌는 다정한 주문,김혜령,"서울 :Whalebooks :웨일북,2017",152.46 김혜령불,https://library.cau.ac.kr/#/search/detail/8182406
사백년 만에 별똥이 갈릴레오를 만나다 :테마가 있는 이탈리아 여행기,나일성,"파주 :문,2017",914.5 나일성사,https://library.cau.ac.kr/#/search/detail/8182354
직업의 종말 :불확실성의 시대 일의 미래를 준비하라,"Pearson, Taylor","서울 :부키,2017",338.04 P362e방,https://library.cau.ac.kr/#/search/detail/8182099
(고등학교) 미술사,오승익,"제주 :제주특별자치도교육청,2017",707.12 고등학제사 2017,https://library.cau.ac.kr/#/search/detail/8182065
인도네시아 =Indonesia :많이 알려지지 않은 이야기들,양승윤,"서울 :HUiNE :한국외국어대학교 지식출판원,2017",915.98 양승윤인,https://library.cau.ac.kr/#/search/detail/8181778
"나, 있는 그대로 참 좋다 :자신이 얼마나 아름다운지 모르는 나에게 필요한 마음 주문",조유미,"서울 :허밍버드 :백도씨,2017",811.8 조유미나,https://library.cau.ac.kr/#/search/detail/8181742
난생처음 재테크 :카드뉴스로 보는 재테크의 핵심,정환용,"서울 :매일경제신문사 :매경출판,2017",332.024 정환용난,https://library.cau.ac.kr/#/search/detail/8181733
비밀편지 :누구에게나 아직 하지 못한 이야기가 있다,박근호,"서울 :빈티지하우스,2017",811.8 박근호비,https://library.cau.ac.kr/#/search/detail/8181732
(고등학교) 미술창작,장지성,서울 :천재교육2017,707.12 고등학천창 2017,https://library.cau.ac.kr/#/search/detail/8181707
바다는 잘 있습니다 :이병률 시집,이병률,"서울 :문학과지성사,2017",811.108 문학과 v.503,https://library.cau.ac.kr/#/search/detail/8181590
대량살상 수학무기 :어떻게 빅데이터는 불평등을 확산하고 민주주의를 위협하는가,"O'Neil, Cathy","서울 :흐름출판 :넥스트웨이브미디어,2017",005.7 O58w김,https://library.cau.ac.kr/#/search/detail/8181554
일단 오늘은 나한테 잘합시다 :어쩐지 의기양양 도대체 씨의 띄엄띄엄 인생 기술,도대체,"고양 :예담 :위즈덤하우스 미디어그룹,2017",811.8 도대체일,https://library.cau.ac.kr/#/search/detail/8181542
(고등학교) 미술이론,박재희,"제주 :제주특별자치도교육청,2017",707.12 고등학제 2017,https://library.cau.ac.kr/#/search/detail/8181536
이기는 부동산 투자 =Winning investment in real estate :시장과 정책에 흔들리지 않는 부동산 투자의 정석,월전쉽,"서울 :길벗,2017",332.6324 월전쉽이,https://library.cau.ac.kr/#/search/detail/8181531
딸에 대하여 :김혜진 장편소설,김혜진,"서울 :민음사,2017",811.3 김혜진딸,https://library.cau.ac.kr/#/search/detail/8181186
측량정보공학 =Geomatrics engineering,조규전,"서울 :양서각,2017",526.9 조규전측5,https://library.cau.ac.kr/#/search/detail/8181176
거미줄에 걸린 소녀 :다비드 라게르크란츠 장편소설,"Lagercrantz, David","파주 :문학동네,2017",839.73 L334m임문 v.4,https://library.cau.ac.kr/#/search/detail/8181155
나눔의 그늘에 스며들다,오창은,"서울 :문화다북스,2017",811.09 오창은나,https://library.cau.ac.kr/#/search/detail/8181128
남한산성 :김훈 장편소설,김훈,"서울 :학고재,2017",811.3 김훈남2,https://library.cau.ac.kr/#/search/detail/8180935
용의자 X의 헌신,동야규오,"서울 :재인,2017",813.3 동야규용양재,https://library.cau.ac.kr/#/search/detail/8180929
사랑의 온도 :착한 스프는 전화를 받지 않는다 :하명희 장편소설,하명희,"서울 :북로드 :더난콘텐츠그룹,2017",811.3 하명희착2,https://library.cau.ac.kr/#/search/detail/8180900
엄마 반성문 :전교 일등 남매 고교 자퇴 후 코칭 전문가 된 교장 선생님의 고백,이유남,"서울 :Denstory :알피스페이스,2017",649.68 이유남엄,https://library.cau.ac.kr/#/search/detail/8180690
언어 공부 :16개 국어를 구사하는 통역사의 외국어 공부법,"Lomb, Kató","서울 :바다출판사,2017",401.80071 L839i4신,https://library.cau.ac.kr/#/search/detail/8180650
거짓말을 먹는 나무 :프랜시스 하딩 장편소설,"Hardinge, Frances","서울 :알에이치코리아 :RHK,2017",823 H264L박,https://library.cau.ac.kr/#/search/detail/8180617
여자들은 자꾸 같은 질문을 받는다,"Solnit, Rebecca","파주 :창비,2017",305.42 S688mo김,https://library.cau.ac.kr/#/search/detail/8180252
5초의 법칙 :당신을 시작하게 만드는 빠른 결정의 힘,"Robbins, Mel","서울 :한빛비즈,2017",158.1 R635f정,https://library.cau.ac.kr/#/search/detail/8179680
횡설수설하지 않고 정확하게 설명하는 법 :당신이 설명을 못하는 데는 사소한 이유가 있다,목모태일,"고양 :갈매나무,2017",808.5 목모태대황,https://library.cau.ac.kr/#/search/detail/8179656
경쟁을 넘어 발달 교육으로 :발달 교육 없이 학교 혁신이 가능할까?,현광일,"서울 :살림터,2015",370.1 현광일경,https://library.cau.ac.kr/#/search/detail/8176250
(Check-in) 러시아 =Russia :모스크바·상트페테르부르크,서현경,"서울 :시그마북스,2016",914.7 서현경러,https://library.cau.ac.kr/#/search/detail/8128368
(지적이고 아름다운 삶을 위한) 라틴어 수업,한동일,"서울 :흐름출판,2017",470.2 한동일라,https://library.cau.ac.kr/#/search/detail/8127874
사랑의 생애 :이승우 장편소설,이승우,"고양 :예담 :위즈덤하우스,2017",811.3 이승우사예,https://library.cau.ac.kr/#/search/detail/8062179
뇌 속에 또 다른 뇌가 있다,장동선,"파주 :Arte :아르테,2017",612.82 장동선m염,https://library.cau.ac.kr/#/search/detail/8031586
(에센스) 식품공학 =Essence food process engineering,변유량,"파주 :지구문화사,2016",664 변유량식에,https://library.cau.ac.kr/#/search/detail/8031092
달의 조각 :불완전해서 소중한 것들을 위한 기록,하현,"서울 :빌리버튼,2017",811.8 하현달,https://library.cau.ac.kr/#/search/detail/8028304
(교양인을 위한) 21세기 영양과 건강 이야기,최혜미,"서울 :라이프사이언스,2016",613.2 최혜미이4,https://library.cau.ac.kr/#/search/detail/7905695
세포학 :분자적 접근,"Cooper, Geoffrey M","서울 :월드사이언스,2015",571.6 C776c6전,https://library.cau.ac.kr/#/search/detail/7905688
거시경제학,"Mankiw, N. Gregory","서울 :시그마프레스,2016(2017 2쇄)",339 M278m9이,https://library.cau.ac.kr/#/search/detail/7793163
언플래트닝 생각의 형태,"Sousanis, Nick","서울 :책세상,2016",153.7 S725u배,https://library.cau.ac.kr/#/search/detail/7787201
정해진 미래 :인구학이 말하는 10년 후 한국 그리고 생존전략,조영태,"서울 :북스톤,2016",304.60951 조영태정,https://library.cau.ac.kr/#/search/detail/7754233
K-pop 뮤직비즈니스의 이해,유동길,"서울 :Aximu,2015",338.4778 유동길k,https://library.cau.ac.kr/#/search/detail/7711915
라이프스타일 도시 =(The) rise of the lifestyle city,모종린,"서울 :Weekly biz books :조선비즈 :조선경제,2016",307.76 모종린라,https://library.cau.ac.kr/#/search/detail/7711462
교육방법의 교육공학적 이해,박성익,"파주 :교육과학사,2016(2017 5쇄)",371.3 박성익교5,https://library.cau.ac.kr/#/search/detail/7711309
이것이 C++이다 :강의 현장을 그대로 옮긴 C++ 입문서,최호성,"서울 :한빛미디어,2016",005.133 최호성이,https://library.cau.ac.kr/#/search/detail/7654323
어떻게 최고의 인재를 얻는가 :세계 1% 기업을 만드는 '사람'의 힘,"Fernandez Araoz, Claudio","파주 :21세기북스 :북이십일 21세기북스,2015",658.3 F363i이,https://library.cau.ac.kr/#/search/detail/7622061
"(뇌를 자극하는) 파이썬 3 =Python 3 :누구나 할 수 있는 코딩, 파이썬으로 시작하기",박상현,"서울 :한빛미디어,2016",005.133 박상현파,https://library.cau.ac.kr/#/search/detail/7621836
"명견만리 :향후 인류에게 가장 중요한 것들을 말하다 :인구, 경제, 북한, 의료 편",KBS,"서울 :인플루엔셜 :Influential,2016(2017 20쇄)",303.49 케이비명,https://library.cau.ac.kr/#/search/detail/7620362
"전설의 리더, 보","Schembechler, Bo","서울 :서돌,2008",658.4092 S323b김,https://library.cau.ac.kr/#/search/detail/7546512
왜 그들은 우리를 파괴하는가 :최고의 범죄학자가 들려주는 진화하는 범죄의 진실,이창무,"서울 :메디치,2016",364 이창무왜,https://library.cau.ac.kr/#/search/detail/7532632
일반미생물학,"Willey, Joanne M","서울 :라이프사이언스,2016",579 W714p9김,https://library.cau.ac.kr/#/search/detail/7429487
면역학,"Parham, Peter","서울 :라이프사이언스,2016",616.079 P229i4진,https://library.cau.ac.kr/#/search/detail/7429450
"내 문장이 그렇게 이상한가요? :내가 쓴 글, 내가 다듬는 법",김정선,"파주 :유유,2016(2017 20쇄)",808.0411 김정선내,https://library.cau.ac.kr/#/search/detail/7412263
국가대표 독일어 단어정복자 :외국어 첫걸음 학습자를 위한 완전 획기적인 단어 학습법!,서우석,"고양 :북커스베르겐 :Booker's Bergen,2015",438.1 서우석국,https://library.cau.ac.kr/#/search/detail/7208567
파묻힌 거인 :가즈오 이시구로 장편소설,"Ishiguro, Kazuo","서울 :시공사,2015(2017 2쇄)",823 I79b하,https://library.cau.ac.kr/#/search/detail/7180645
착! 붙는 일본어 독학 첫걸음,일본어공부기술연구소,"서울 :시사일본어사,2015(2017 35쇄)",413.8 일본어착,https://library.cau.ac.kr/#/search/detail/7137147
사회복지행정론 =Social welfare administraiton,황성철,"파주 :정민사,2014(2017 4쇄)",353.3 황성철사3,https://library.cau.ac.kr/#/search/detail/7085202
일반역학,"Thornton, Stephen T","서울 :센게이지러닝코리아,2011(2016 2쇄)",531.11 T514c5강2,https://library.cau.ac.kr/#/search/detail/6943484
"일러스트레이터 아트웍 :일러스트레이션, 로고 디자인, 타이포그래피, 디지털 아트 =Illustrator artwork : illustration, logo desing, typography, digital art",CA,"[서울] :퓨처미디어,2014(2015 2쇄)",006.686 시에이일,https://library.cau.ac.kr/#/search/detail/6940755
나는 나를 파괴할 권리가 있다 :김영하 장편소설,김영하,"파주 :문학동네,2010(2017 20쇄)",811.3 김영하나3,https://library.cau.ac.kr/#/search/detail/6939820
(100만 방문자와 소통하는) 소셜마케팅 :한국형 SNS 마케팅의 모든 것,송동현,"서울 :한빛미디어,2012(2013 2쇄)",658.872 송동현소,https://library.cau.ac.kr/#/search/detail/6753057
(마키디어의) 소셜마케팅 정석 :대한민국 SNS 마케터들이 가장 많이 찾는 온라인 마케터,이상배,"서울 :이지스퍼블리싱,2013",658.872 이상배소2,https://library.cau.ac.kr/#/search/detail/6753056
헬스케어 이노베이션 =Healthcare innovation :이미 시작된 미래,최윤섭,"서울 :클라우드나인,2014",338.4761 최윤섭헬,https://library.cau.ac.kr/#/search/detail/6438034
의학통계의 기초,천정륭,"서울 :Pacific Books(퍼시픽북스),2014",610.727 천정륭이성,https://library.cau.ac.kr/#/search/detail/6438029
제로 투 원,"Thiel, Peter A","서울 :한국경제신문 :한경BP,2014(2015 10쇄)",658.11 T431z이,https://library.cau.ac.kr/#/search/detail/6437545
영화 의상,김유선,"서울 :커뮤니케이션북스,2013",791.43026 김유선영의,https://library.cau.ac.kr/#/search/detail/6437347
맥주별장의 모험 :니시자와 야스히코 장편소설,서택보언,"서울 :한스미디어 :한즈미디어,2014",813.3 서택보맥이,https://library.cau.ac.kr/#/search/detail/6325229
사양,태재치,"서울 :열림원,2014",813.3 태재치사이,https://library.cau.ac.kr/#/search/detail/6324875
싸가지 없는 진보 :진보의 최후 집권 전략,강준만,"서울 :인물과사상사,2014",320.951 강준만싸,https://library.cau.ac.kr/#/search/detail/6322053
서울대 한국어 :Student's book,최은규,"서울 :문진미디어 :투판즈,2012-2015(2017 쇄)",411.8 서울대서s 1A/1B/2A/2B/3A/3B/4A/4B/5A/5B/6A/6B,https://library.cau.ac.kr/#/search/detail/6321006
서울대 한국어 :Workbook,최은규,"서울 :문진미디어 :투판즈,2012-2015(2017 쇄)",411.8 서울대서 1A/1B/2A/2B/3A/3B/4A/4B/5A/5B/6A/6B,https://library.cau.ac.kr/#/search/detail/6321004
무의미의 축제 :밀란 쿤데라 장편소설,"Kundera, Milan","서울 :민음사,2014",843 K96f방,https://library.cau.ac.kr/#/search/detail/6291162
앞으로 데이터 분석을 시작하려는 사람을 위한 책,공등탁재,"부천 :루비페이퍼,2014",519.50285 공등탁코김,https://library.cau.ac.kr/#/search/detail/6288709
실사구시 한국경제 :통념을 허무는 10가지 진단과 해법,강신욱,"파주 :생각의힘,2013",330.951 강신욱실,https://library.cau.ac.kr/#/search/detail/6288349
과잉범죄화의 법경제학적 분석 :공정거래 분야를 중심으로,김일중,"서울 :한국경제연구원,2013",330 한국경연 2013-05,https://library.cau.ac.kr/#/search/detail/6287997
척하는 삶 :이창래 장편소설,"Lee, Chang-rae","서울 :알에이치코리아 :RHK,2014",823 L477g정알,https://library.cau.ac.kr/#/search/detail/6241332
대만 :거대한 역사를 품은 작은 행복의 나라,최창근,"서울 :리수,2013",952.93 최창근대,https://library.cau.ac.kr/#/search/detail/6092959
한국 유성기음반 =Korean SP discography :1907~1945,배연형,"서울 :한걸음더,2011",016.780951 한국음한 v.1/v.2/v.3/v.4/v.5,https://library.cau.ac.kr/#/search/detail/6092257
"존 F. 케네디의 13일 :쿠바 미사일 위기, 거짓말, 그리고 녹음테이프","Stern, Sheldon M","파주 :모던타임스,2013",972.91064 K35w박,https://library.cau.ac.kr/#/search/detail/6091828
노조 어떻게 대응하나,한국경영자총협회,"서울 :한국경영자총협회,2003",331.89 한국경노,https://library.cau.ac.kr/#/search/detail/6090729
미생 :아직 살아 있지 못한 자,윤태호,"고양 :위즈덤하우스,2013-",741.5951 윤태호미 v.1/v.10/v.11/v.2/v.3/v.4/v.5/v.6/v.7/v.8/v.9,https://library.cau.ac.kr/#/search/detail/6089692
"강한 시장, 건강한 정부 :시스템 개혁, 미래를 읽어내는 게임의 룰 :서울대 오연천 교수 칼럼 모음집",오연천,"서울 :올리브M&B,2009",070.44932 오연천강,https://library.cau.ac.kr/#/search/detail/6089520
중화인민공화국 저작권법,권호,"서울 :시간의물레,2014",346.520482 권호중,https://library.cau.ac.kr/#/search/detail/6086715
슈퍼스타 독일어 첫걸음,서우석,"고양 :북커스베르겐,2013",438 서우석슈,https://library.cau.ac.kr/#/search/detail/6086671
경계를 넘어서는 문학,김성곤,"서울 :민음사,2013",809 김성곤경,https://library.cau.ac.kr/#/search/detail/6086390
(조동성) 전략경영,조동성,"서울 :서울경제경영,2013",658.4012 조동성전5,https://library.cau.ac.kr/#/search/detail/6084489
"어떻게 배울 것인가 :존 맥스웰 기적의 성장 프로젝트, 그 두 번째","Maxwell, John C","서울 :비즈니스북스,2014",158 M465s박,https://library.cau.ac.kr/#/search/detail/6084352
퀀텀 유니버스 :발생 가능한 사건은 왜 반드시 일어나는가?,"Cox, Brian","서울 :승산,2014",530.12 C877q박,https://library.cau.ac.kr/#/search/detail/6084327
액션러닝으로 수업하기,장경원,"서울 :학지사,2014(2015 4쇄)",371.3 장경원액2,https://library.cau.ac.kr/#/search/detail/6083491
데이터가 보인다 :원리로 깨우치는 데이터 분석 기법,평정명부,"서울 :비제이퍼블릭,2013",519.53 평정명데진,https://library.cau.ac.kr/#/search/detail/6083418
예술로서의 디자인,"Munari, Bruno","파주 :두성북스,2012",745.4 M963a김,https://library.cau.ac.kr/#/search/detail/6069056
(데이터 고급 분석과 통계 프로그래밍을 위한)빅데이터 분석 도구 R 프로그래밍,"Matloff, Norman S","의왕 :에이콘,2012",519.50285 M433a권,https://library.cau.ac.kr/#/search/detail/6067421
학생운동의 시대,이호룡,"서울 :선인,2013",378.1981 이호룡학,https://library.cau.ac.kr/#/search/detail/6064062
법경제학 :이론과 응용 =Law and economics : theory and application.2,김일중,"서울 :해남,2013",340.11 김일중법 v.2,https://library.cau.ac.kr/#/search/detail/6006430
소진된 인간 :베케트의 텔레비전 단편극에 대한 철학적 에세이,"Deleuze, Gilles","서울 :문학과지성사,2013(2016 3쇄)",842 B396d이,https://library.cau.ac.kr/#/search/detail/6006117
"저작권, 무엇이 문제인가? :저작권법의 불편한 진실","Patry, William F","파주 :한울,2013",346.0482 P314h임,https://library.cau.ac.kr/#/search/detail/5958620
자크와 그의 주인 :드니 디드로에게 바치는 3막짜리 오마주,"Kundera, Milan","서울 :민음사,2013",891.863 K96민 v.15,https://library.cau.ac.kr/#/search/detail/5940538
죽기 전에 꼭 들어야 할 팝송 1001,"Dimery, Robert","파주 :마로니에북스,2013(2017 2쇄)",782.42164 D582o이,https://library.cau.ac.kr/#/search/detail/5940465
기후정의 :기후변화와 환경 파괴에 맞선 반자본주의의 대안,"Angus, Ian","서울 :이매진,2012",303.482 A595g김,https://library.cau.ac.kr/#/search/detail/5940450
문학사의 라이벌 의식,김윤식,"서울 :그린비,2013-2017",809 김윤식문 v.1/v.2/v.3,https://library.cau.ac.kr/#/search/detail/5939159
해커의 기쁨 :비트와 바이트 그리고 알고리즘,"Warren, Henry S","파주 :제이펍 :Jpub,2013",005.1 W288h2류,https://library.cau.ac.kr/#/search/detail/5938981
대규모 유통업법 해설 =Handbook of the fair large-scale retail business trade act :대규모유통업에서의 거래 공정화에 관한 법률,박수영,"서울 :fides,2013",343.0811 박수영대,https://library.cau.ac.kr/#/search/detail/5870596
(성공하는 사람들의) 메모습관 ＆ 노트기술,본전상야,"서울 :시대의창,2008(2012 6쇄)",651.755 본전상사정2,https://library.cau.ac.kr/#/search/detail/5862714
버트런드 러셀의 자유로 가는 길 :인류가 꿈꾸어야 할 미래에 관하여,"Russell, Bertrand","서울 :함께읽는책,2012",335 R961p장,https://library.cau.ac.kr/#/search/detail/5841823
기후변화 대처와 미국 패권의 딜레마 :국제적 공공재 창출에 대한 국내적 저항,손병권,"서울 :서강대학교 출판부,2012",363.73874 손병권기,https://library.cau.ac.kr/#/search/detail/5817210
맥주의 세계,원융희,"파주 :살림출판사,2008(2016 5쇄)",081.1 살림지 v.325,https://library.cau.ac.kr/#/search/detail/5711432
비블리아 고서당 사건수첩,삼상연,"서울 :디앤씨미디어 :D&C Books,2013-",813.3 삼상연비최 v.1/v.2/v.3/v.4/v.5/v.6/v.7,https://library.cau.ac.kr/#/search/detail/5701829
철인,김다니엘,"서울 :규장,2013(2014 29쇄)",266.0092 김다니철,https://library.cau.ac.kr/#/search/detail/5701596
언어 자료 분석을 위한 통계학 =Language data,김동성,"서울 :한국외국어대학교 출판부,2010",401.0151 김동성언,https://library.cau.ac.kr/#/search/detail/5681027
괴테의 친화력,"Benjamin, Walter","서울 :길,2012",833.609 B468g최,https://library.cau.ac.kr/#/search/detail/5678937
사이언스 이즈 컬처 :인문학과 과학의 새로운 르네상스,"Chomsky, Noam","서울 :동아시아,2012",303.483 C548s이,https://library.cau.ac.kr/#/search/detail/5658772
누구를 위하여 종은 울리나 :어니스트 헤밍웨이 장편소설,"Hemingway, Ernest","파주 :열린책들,2012(2015 2쇄)",808.8 세계문열 v.205/v.206,https://library.cau.ac.kr/#/search/detail/5649832
표준모형의 이해,오선근,"서울 :북스힐,2011",539.72 오선근표,https://library.cau.ac.kr/#/search/detail/5637546
채용이 전부다 :회사를 100배로 키우는 채용의 기술,한근태,"서울 :올림,2010(2011 5쇄)",658.311 한근태채,https://library.cau.ac.kr/#/search/detail/5600828
이별의 왈츠,"Kundera, Milan","서울 :민음사,2012",891.863 K96민 v.4,https://library.cau.ac.kr/#/search/detail/5599819
500 맥주 :필요한 것은 다 담긴 단 하나의 맥주 개요서,"Avery, Zak","서울 :세경 :skbooks,2010(2015 2쇄)",641.23 A955f구,https://library.cau.ac.kr/#/search/detail/5599658
(비즈니스 인텔리전스를 위한) 데이터마이닝,"Shmueli, Galit","서울 :이앤비플러스,2012",519.50285 S558d2조,https://library.cau.ac.kr/#/search/detail/5599570
(서울대 송호근 교수의) 이분법 사회를 넘어서,송호근,"파주 :다산북스,2012",303.40951 송호근이,https://library.cau.ac.kr/#/search/detail/5598626
"마음의 과학 :위대한 석학 16인이 말하는 뇌, 기억, 성격, 그리고 행복의 비밀","Pinker, Steven","서울 :미래엔 :와이즈베리,2012",612.8 P655m이,https://library.cau.ac.kr/#/search/detail/5598550
"(다비드 힐베르트, 슈테판 콘 포센의) 기하학과 상상력 :수학적 아이디어의 보고","Hilbert, David","파주 :살림 :살림Math,2012",516.9 H641a정,https://library.cau.ac.kr/#/search/detail/5598472
한중일이 함께 쓴 동아시아 근현대사,한중일3국공동역사편찬위원회,"서울 :휴머니스트,2012",950.4 한중일한 v.1/v.2,https://library.cau.ac.kr/#/search/detail/5598267
공간분석기법 =Spatial Analysis,권오상,"파주 :한울아카데미,2004",711.4 권오상공,https://library.cau.ac.kr/#/search/detail/5597898
탱고 인 부에노스 아이레스 =Tango in Buenos Aires :탱고 인 부에노스 아이레스,박종호,"서울 :시공사,2012",793.33 박종호탱,https://library.cau.ac.kr/#/search/detail/5518889
당당한 신입사원의 7가지 습관 :self confidence,황진규,"서울 :라이온북스,2012",650.1 황진규당,https://library.cau.ac.kr/#/search/detail/5442544
세상 모든 CEO가 묻고 싶은 질문들 =What makes the best leader? :무엇이 최고의 리더를 만드는가?,권상술,"고양 :위즈덤하우스 :IGM books,2012(2013 7쇄)",658.401 권상술세,https://library.cau.ac.kr/#/search/detail/5442532
(한 권으로 끝내는) 재무제표 분석 =Financial statement analysis,이성엽,"서울 :새로운 제안,2012(2017 5쇄)",657.3 이성엽재새,https://library.cau.ac.kr/#/search/detail/5437774
예감은 틀리지 않는다 :줄리언 반스 장편소설,"Barnes, Julian","서울 :다산북스 :다산책방,2012(2017 42쇄)",823 B261s최,https://library.cau.ac.kr/#/search/detail/5419882
비용편익분석의 이해 =Understanding the cost-benefit anlysis,김성준,"대구 :경북대학교출판부,2012",658.1554 김성준비,https://library.cau.ac.kr/#/search/detail/5403947
타키투스의 역사,"Tacitus, Cornelius","파주 :한길사,2011",937.07 T118h차,https://library.cau.ac.kr/#/search/detail/5389187
위로받지 못한 사람들,"Ishiguro, Kazuo","서울 :민음사,2011(2017 2쇄)",823 I79u김 v.1/v.2,https://library.cau.ac.kr/#/search/detail/5389040
경제 인류학을 생각한다,"Wilk, Richard R","서울 :일조각,2010",306.3 W681e홍,https://library.cau.ac.kr/#/search/detail/5388972
폭력과 시민다움 :반폭력의 정치를 위하여,"Balibar, Étienne","서울 :난장,2012",320.01 B186g진,https://library.cau.ac.kr/#/search/detail/5388943
컴퓨터 네트워크,"Forouzan, Behrouz A","서울 :한국맥그로힐,2012",004.6 F727c이,https://library.cau.ac.kr/#/search/detail/5388864
자본주의·사회주의·민주주의,"Schumpeter, Joseph A","파주 :한길사,2011(2012 2쇄)",335 S392c변,https://library.cau.ac.kr/#/search/detail/5386864
침묵의 봄,"Carson, Rachel L","서울 :에코리브르,2011(2013 2쇄)",363.7384 C321s김에,https://library.cau.ac.kr/#/search/detail/5293899
시골의사의 부자경제학 :경제원리에 숨겨진 부자들의 투자 비밀,박경철,"서울 :리더스북 :웅진씽크빅,2011(2012 6쇄)",332.6 박경철시2,https://library.cau.ac.kr/#/search/detail/5250273
"프로그래밍 콘테스트 챌린징 :for GCJ TopCoder, ACM/ICPC, KOI/IOI",추엽탁재,"서울 :로드북,2011",005.1 추엽탁푸박,https://library.cau.ac.kr/#/search/detail/5248788
민주주의의 쇠퇴 :미국 시민생활의 변모,"Skocpol, Theda","파주 :한울,2010(2011 2쇄)",306.20973 S628d강,https://library.cau.ac.kr/#/search/detail/5248748
동남아시아 현대사와 세계열강의 자본주의 팽창,금천영일,"서울 :이채,2011",959 금천영동이 v.1/v.2,https://library.cau.ac.kr/#/search/detail/5246816
(증세와 병명으로 알아보는) 고양이 질병사전 =Disease dictionary of cats,남부미향,"서울 :Green Home :그린홈,2009(2014 5쇄)",636.8089 남부미증김,https://library.cau.ac.kr/#/search/detail/5246530
끌림 :Travel notes :이병률 산문집,이병률,"파주 :달,2010(2017 42쇄)",811.4 이병률끌2,https://library.cau.ac.kr/#/search/detail/5246266
(마음에 착 달라붙는) 카피 한 줄,"Sugarman, Joseph","서울 :북스넛,2011",659.132 S947a송2,https://library.cau.ac.kr/#/search/detail/5243244
"대만, 어디에 있는가",허영섭,"서울 :채륜,2011",null,https://library.cau.ac.kr/#/search/detail/5242398
정보이론과 부호화,주언경,"대구 :경북대학교출판부,2011",003.54 주언경정,https://library.cau.ac.kr/#/search/detail/5241984
멋지게 나이 들기 :인생 후반전! 이렇게 준비하라,조영환,"서울 :지상사,2011",646.79 조영환멋,https://library.cau.ac.kr/#/search/detail/5241392
(영혼의 구원을 노래하는) 단테의 신곡 =神曲,Dante Alighieri,"서울 :밀리언셀러 :Million seller,2011([2017 쇄])",851 D192d유,https://library.cau.ac.kr/#/search/detail/5239822
세계 지도의 탄생,응지리명,"파주 :알마,2010",912.09 응지리세송,https://library.cau.ac.kr/#/search/detail/5239598
파국의 지형학,문강형준,"서울 :자음과모음,2011.",303.49 문강형파,https://library.cau.ac.kr/#/search/detail/5236951
(시계열 자료분석) 예측을 위한 통계적 기법,이원우,"파주 :자유아카데미,2011",519.55 이원우예2,https://library.cau.ac.kr/#/search/detail/5236569
넥스트 아시아 :새로운 백년을 이끌 거대한 도전,"Roach, Stephen S","서울 :북돋움,2010",332.67 R628s이,https://library.cau.ac.kr/#/search/detail/5228344
"(지난 10년, 놓쳐서는 안 될) 아까운책 :전문가 46인이 뽑은 이 시대의 숨은 명저들",강수돌,"서울 :부키,2011",028.1 강수돌아,https://library.cau.ac.kr/#/search/detail/5216920
법경제학 :이론과 응용 =Law and economics : theory and application,김일중,"서울 :해남,2011",340.11 김일중법,https://library.cau.ac.kr/#/search/detail/5216726
나의 문화유산 답사기,유홍준,"파주 :창작과비평사 :창비,2011-",915.1 유홍준나2 v.1/v.10/v.2/v.3/v.4/v.5/v.6/v.7/v.8/v.9,https://library.cau.ac.kr/#/search/detail/5216219
유럽의 문화통합 :현 상황과 미래 전망,김용민,"서울 :연세대학교출판부,2011",306.094 김용민유,https://library.cau.ac.kr/#/search/detail/5196429
기후변화와 자본주의 :시장이 지구를 구할 수 있을까?,"Neale, Jonathan","서울 :책갈피,2011",363.73874 N346s김,https://library.cau.ac.kr/#/search/detail/5196052
Google writing,원전화자,"고양 :허스트비 :이레미디어,2010(2017 5쇄)",428.24 원전화g김,https://library.cau.ac.kr/#/search/detail/5193829
논증의 탄생 :글쓰기의 새로운 전략,"Williams, Joseph M","서울 :홍문관,2008",null,https://library.cau.ac.kr/#/search/detail/5193458
러시아통신 :유쾌한 지식여행자가 본 러시아의 겉과 속,미원만리,"서울 :마음산책,2011",306.0947 미원만로박,https://library.cau.ac.kr/#/search/detail/5193403
베니스의 상인,"Shakespeare, William","서울 :민음사,2010(2017 17쇄)",808.8 세계문민 v.262,https://library.cau.ac.kr/#/search/detail/5193364
복지전쟁 :연금제도가 밝히지 않는 진실,"Lowenstein, Roger","서울 :한국경제신문 :한경BP,2011",331.2524 L917w손,https://library.cau.ac.kr/#/search/detail/5148936
영어논문 바로쓰기,"Turabian, Kate L","서울 :시대의창,2011",808.02 T929m7강,https://library.cau.ac.kr/#/search/detail/5148906
추상적 사유의 위대한 힘 :튜링&괴델 =Alan Turing & Kur Gödel,박정일,"파주 :김영사,2010",001 지식인 v.36,https://library.cau.ac.kr/#/search/detail/5147019
나는 세계일주로 경제를 배웠다,"Woodman, Conor","서울 :갤리온 :웅진씽크빅,2011",338.092 W892a홍,https://library.cau.ac.kr/#/search/detail/5124449
트렌드 싱킹 =Trend syncing :새로운 미래와 교감하다,메타트렌드연구소,"서울 :한스미디어 :한즈미디어,2011",303.4 메타트트,https://library.cau.ac.kr/#/search/detail/5122478
고구려 :김진명 역사소설,김진명,"서울 :새움,2011-2016",811.3 김진명고 v.1/v.2/v.3/v.4/v.5/v.6,https://library.cau.ac.kr/#/search/detail/5121005
철학이 필요한 시간 :강신주의 인문학 카운슬링,강신주,"파주 :사계절,2011(2013 19쇄)",102 강신주철사,https://library.cau.ac.kr/#/search/detail/5115131
주식투자는 사업이다 =Stock investment business,모닝퍼슨,"파주 :청출판,2011(2016 3쇄)",332.6322 모닝퍼주식,https://library.cau.ac.kr/#/search/detail/5010381
"다시보는 한국 민주화운동 :기원, 과정, 그리고 제도",한국정치연구회,"서울 :선인,2010",951.74 한국정다,https://library.cau.ac.kr/#/search/detail/4971594
한국 민주화운동의 성격과 논리,안병욱,"서울 :선인,2010",951.74 안병욱한,https://library.cau.ac.kr/#/search/detail/4971592
한국 고고학 강의,한국고고학회,"서울 :사회평론,2010(2016 6쇄)",951.09 한국고한2,https://library.cau.ac.kr/#/search/detail/4970703
한국 문화정책론 :21세기 최강대국의 가장 강력한 아이콘,박광무,"파주 :김영사,2010",353.7 박광무한,https://library.cau.ac.kr/#/search/detail/4883864
"인지과학 혁명 :인지과학의 연구와 방법, 어디서 시작하고 무엇을 어떻게 할 것인가",좌백반,"의왕 :에이콘,2010",153.4 좌백반인김,https://library.cau.ac.kr/#/search/detail/4883773
모터사이클 필로소피 :손으로 생각하기,"Crawford, Matthew B","서울 :이음,2010",331 C899s정,https://library.cau.ac.kr/#/search/detail/4883354
바보 zone,차동엽,"서울 :여백 :여백미디어,2010",158.1 차동엽바,https://library.cau.ac.kr/#/search/detail/4874119
녹턴 :음악과 황혼에 대한 다섯 가지 이야기,"Ishiguro, Kazuo","서울 :민음사,2010(2017 5쇄)",823 I79no김,https://library.cau.ac.kr/#/search/detail/4872287
우리는 천국으로 출근한다 :한미파슨스 김종훈 회장의 유토피아 경영,김종훈,"파주 :북이십일 21세기북스,2010",658.4 김종훈우,https://library.cau.ac.kr/#/search/detail/4838788
(성인학습을 위한) 비판이론 :성인의 삶과 학습에 대한 희망의 담론,"Brookfield, Stephen","서울 :학지사,2009(2010 2쇄)",374 B872p기,https://library.cau.ac.kr/#/search/detail/4837189
보이지 않는 차이 :세상에서 가장 힘이 센 운의 비밀,연준혁,"고양 :위즈덤하우스,2010(2011 31쇄)",650.1 연준혁보,https://library.cau.ac.kr/#/search/detail/4832377
나를 보내지마,"Ishiguro, Kazuo","서울 :민음사,2009(2017 17쇄)",823 I79n김,https://library.cau.ac.kr/#/search/detail/4827554
"인생, 이 맛이다 :차가운 맥주로 인생을 뜨겁게 달군 맥주광의 인생 예찬",고나무,"서울 :해냄,2010(2011 2쇄)",641.23 고나무인,https://library.cau.ac.kr/#/search/detail/4826986
마지막 숨결 :로맹 가리 소설,"Gary, Romain","파주 :문학동네,2010",null,https://library.cau.ac.kr/#/search/detail/4813937
뮤지컬 이야기 =Musical story :흥미진진한 브로드웨이 뮤지컬 100년사,이수진,"고양 :숲,2009",782.14 이수진뮤숲,https://library.cau.ac.kr/#/search/detail/4812039
정치학 방법론,"Burnham, Peter","서울 :명인문화사,2010",320.072 B966r2김,https://library.cau.ac.kr/#/search/detail/4806820
(그림으로 마시는) 生生 와인 :핸디북,박재용,"서울 :그리고책 :Andbooks,2009(2011 4쇄)",641.22 박재용생,https://library.cau.ac.kr/#/search/detail/4806026
국제안보론 :국제안보연구의 형성과 발전,"Buzan, Barry","서울 :을유문화사,2010",355.033 B992e신,https://library.cau.ac.kr/#/search/detail/4795024
(보웬가족평가를 위한) 가족치료 자가진단서,"Richardson, Ronald W","서울 :시그마프레스,2009(2013 2쇄)",616.89156 R524f남,https://library.cau.ac.kr/#/search/detail/4755052
"카라바조, 이중성의 살인미학",김상근,"서울 :평단문화사,2005",759.5 C262김,https://library.cau.ac.kr/#/search/detail/4751377
근대 일본론 :군국 일본의 국가제도와 그 운용자들,신동준,"서울 :지식산업사,2004(2006 2쇄)",953.6 신동준근,https://library.cau.ac.kr/#/search/detail/4751028
"빅숏 :패닉 이후, 시장의 승리자들은 무엇을 보는가","Lewis, Michael","서울 :비즈니스맵 :한국물가정보,2010(2016 9쇄)",330.973 L675b이,https://library.cau.ac.kr/#/search/detail/4746207
맥주 수첩 :한눈에 보는 세계맥주 73가지,이기중,"서울 :우듬지,2010(2014 5쇄)",641 구르메 v.7,https://library.cau.ac.kr/#/search/detail/4702680
스무살에 알았더라면 좋았을 것들 :스탠포드대 미래인생 보고서,"Seelig, Tina Lynn","서울 :엘도라도 :웅진씽크빅,2010",370.113 S452w이,https://library.cau.ac.kr/#/search/detail/4699018
마켓 3.0 =Market 3.0 :모든 것을 바꾸어놓을 새로운 시장의 도래,"Kotler, Philip","서울 :타임비즈 :타임교육 :타임북스,2010",658.8 K87mf안,https://library.cau.ac.kr/#/search/detail/4688964
(기획에서 마케팅까지) 디자인에 집중하라,"Brown, Tim","파주 :김영사,2010",null,https://library.cau.ac.kr/#/search/detail/4688260
(필립 코틀러) 퍼스널 마케팅,"Kotler, Philip","서울 :위너스북,2010",659 K87h3방,https://library.cau.ac.kr/#/search/detail/4685628
(세상에서 가장 어려운 상대) 여자,조영환,"서울 :지상사,2010",305.4 조영환여,https://library.cau.ac.kr/#/search/detail/4655094
상자밖에 있는 사람들,차동욱,"서울 :위즈덤아카데미 :아빈저연구소,2010",658.4092 A664L차2,https://library.cau.ac.kr/#/search/detail/4647781
히틀러 최고사령부 1933~1945년 :사상 최강의 군대 히틀러군의 신화와 진실,"Megargee, Geoffrey P","서울 :플래닛미디어,2009",940.54213 M496i김,https://library.cau.ac.kr/#/search/detail/4646275
한국신문연재소설의 사적 연구 =(The) study of a history a serial novels in a Korean newspaper,한원영,"서울 :푸른사상,2010",811.309 한원영한푸 v.1/v.2,https://library.cau.ac.kr/#/search/detail/4639393
왜 기독교인은 예수를 믿지 않을까?,김진,"고양 :위즈덤로드,2010",230.002 김진왜,https://library.cau.ac.kr/#/search/detail/4633633
일을 했으면 성과를 내라 =Performance way :대한민국 최고의 성과 창출 전문가가 말하는 일의 해법,류랑도,"서울 :쌤앤파커스,2010",658.314 류랑도일,https://library.cau.ac.kr/#/search/detail/4547724
거꾸로 가는 민주노총,이재교,"서울 :시대정신,2007",331.880951 이재교거,https://library.cau.ac.kr/#/search/detail/4547620
"공정무역, 세상을 바꾸는 아름다운 거래 :공정무역 따라 돌아본 13개 나라 공정한 사람들과의 4년간의 기록",박창순,"서울 :시대의창,2010",382.3 박창순공,https://library.cau.ac.kr/#/search/detail/4500830
마음의 사회학,김홍중,"파주 :문학동네,2009",300.2 김홍중마,https://library.cau.ac.kr/#/search/detail/4476912
폭정의 역사 :중세 유럽 왕실의 비극과 광기의 역사,"Lewis, Brenda Ralph","서울 :말글빛냄,2010",940 L673d양,https://library.cau.ac.kr/#/search/detail/4476701
화씨 451,"Bradbury, Ray","서울 :황금가지,2009(2017 12쇄)",823 B798f박황,https://library.cau.ac.kr/#/search/detail/4476681
창의력 오렌지 :세계적 광고회사 팰런 월드와이드의 혁신 광고전략,"Fallon, Pat","서울 :세종서적,2008(2010 3쇄)",658.802 F196j김,https://library.cau.ac.kr/#/search/detail/4458954
신비한 수학의 세계 :우주와 수학의 법칙을 말한다,금야기웅,"서울 :뉴턴코리아,2009",510.2 금야기야강,https://library.cau.ac.kr/#/search/detail/4452095
(환경 행동의 데이터 파일) 공간디자인을 위한 도구 =Environment-behavior studies' data : tools for spatial design,고교응지,"서울 :기문당,2009",729 고교응환안,https://library.cau.ac.kr/#/search/detail/4451926
지구를 생각한다,김수병,"서울 :북하우스 퍼블리셔스 :해나무,2009",363.7 김수병지,https://library.cau.ac.kr/#/search/detail/4446585
한국사회와 인터넷 저널리즘,김경희,"파주 :한울아카데미 :한울엠플러스,2009(2017 3쇄)",070.4 김경희한,https://library.cau.ac.kr/#/search/detail/4420204
성폭력에 맞서다 :사례·담론·전망,이미경,"파주 :한울,2009(2016 3쇄)",364.153 이미경성,https://library.cau.ac.kr/#/search/detail/4419286
지구와 환경 :녹색혁명의 도전과 거버넌스,"Speth, James Gustave","서울 :명인문화사,2009",333.7 S752g차,https://library.cau.ac.kr/#/search/detail/4341842
법이란 무엇인가? :어느 법실증주의자가 쓴 법철학 입문,"Hoerster, Norbert","서울 :세창,2009",340.1 H694w윤,https://library.cau.ac.kr/#/search/detail/4270941
넛지 :똑똑한 선택을 이끄는 힘,"Thaler, Richard H","서울 :리더스북,2009(2017 123쇄)",null,https://library.cau.ac.kr/#/search/detail/4228110
(내 인생을 힘들게 하는) 좋은 사람 콤플렉스,"Robinson, Duke","서울 :소울메이트 :원앤원북스,2009(2013 11쇄)",null,https://library.cau.ac.kr/#/search/detail/4228088
(대한민국)머니 임팩트,윤광원,"서울 :비전비엔피 :비전코리아,2008",null,https://library.cau.ac.kr/#/search/detail/4227626
확실성에 관하여,"Wittgenstein, Ludwig","서울 :책세상,2006(2017 5쇄)",192 W831u이,https://library.cau.ac.kr/#/search/detail/4207457
청색책·갈색책,"Wittgenstein, Ludwig","서울 :책세상,2006(2015 3쇄)",192 W831b2이,https://library.cau.ac.kr/#/search/detail/4207456
쪽지,"Wittgenstein, Ludwig","서울 :책세상,2006(2013 2쇄)",192 W831z이,https://library.cau.ac.kr/#/search/detail/4207454
소품집,"Wittgenstein, Ludwig","서울 :책세상,2006(2017 3쇄)",192 W831ps이,https://library.cau.ac.kr/#/search/detail/4207452
man to man 종합영어,장재진,"서울 :맨투맨영어교육,[발행년불명]",428 장재진m맨 v.1/v.2/v.3,https://library.cau.ac.kr/#/search/detail/4206701
오일러상수 감마,"Havil, Julian","서울 :승산,2008",null,https://library.cau.ac.kr/#/search/detail/4204514
비교외교정책론,"East, Maurice A","파주 :한울,2008(2009 2쇄)",327 E13w최,https://library.cau.ac.kr/#/search/detail/4146190
똑똑한 돈 =Smart money :정부와 은행이 쉬쉬하는 진짜 경제학,나선,"서울 :한빛비즈,2009",null,https://library.cau.ac.kr/#/search/detail/4124860
하스피탈리티 매니저를 위한 와인·맥주·스피릿 가이드,"Schmid, Albert W. A","서울 :백산출판사,2009",null,https://library.cau.ac.kr/#/search/detail/4123612
"그레이트 피플 =Great people :LG전자, 그들은 어떻게 세계를 제패했나",곽숙철,"파주 :웅진윙스 :웅진싱크빅,2008(2016 10쇄)",null,https://library.cau.ac.kr/#/search/detail/4067464
"일본전산 이야기 :불황기 10배 성장, 손대는 분야마다 세계 1위, 신화가 된 회사",김성호,"파주 :쌤앤파커스,2009(2014 142쇄)",658.4 김성호일,https://library.cau.ac.kr/#/search/detail/1349975
(대한민국) 애니메이션산업백서 =Animation industry white paper,한국문화콘텐츠진흥원,"서울 :한국문화콘텐츠진흥원 :문화체육관광부,2004-",338.4779143 애니메 2004/2005/2009/2010/2011/2012/2013,https://library.cau.ac.kr/#/search/detail/1335080
미래:내일의 과학은 우리의 삶과 정신을 어떻게 바꾸어놓을까,전대호,"서울 :지호,2005",303.4833 G812t전,https://library.cau.ac.kr/#/search/detail/1328564
전국 문화기반시설 총람,한국,"서울 :문화관광부 :진한엠앤비,2006-",R 315.1 문화관전 2011/2012/2013/2014,https://library.cau.ac.kr/#/search/detail/1317660
"베로니카, 죽기로 결심하다 :파울로 코엘료 장편소설","Coelho, Paulo","파주 :문학동네,2003(2017 48쇄)",869.3 C672v이2,https://library.cau.ac.kr/#/search/detail/1269710
타오르는 어둠 속에서,"Buero Vallejo, Antonio","서울 :문학과지성사,2002(2016 6쇄)",862 B928e김,https://library.cau.ac.kr/#/search/detail/1181489
외교정책의 이해,"Jensen, Lloyd","서울 :평민사,2001",327.2 J54e김,https://library.cau.ac.kr/#/search/detail/1176922
폭력과 성스러움,"Girard, Rene","서울 :민음사,2000(2008)",301 G518v김2,https://library.cau.ac.kr/#/search/detail/1148263
노래로 배우는 독일어,정경량,"서울 :문예림,1999",438.24 정경량노문,https://library.cau.ac.kr/#/search/detail/1126565
(한국경제를 위한 제안) 지식 경영 :IMF시대 한국경제 회생의 유일한 대안,포스코경영연구소,"서울 :더난출판사,1998",658.4038 포스코지,https://library.cau.ac.kr/#/search/detail/1096463
미국 일본 독일이 세계를 지배한다,"Valance, Georges","서울 :고려원,1995",909.829 V136m조,https://library.cau.ac.kr/#/search/detail/1015601
[한]경영,이민화,"서울 :김영사,1994(1997 6쇄)",658.00951 이장우한,https://library.cau.ac.kr/#/search/detail/1000154
MIMO-OFDM 무선통신과 MATLAB =MIMO-OFDM wireless communications with MATLAB,조용수,"서울 :홍릉과학,2008",621.384 조용수m,https://library.cau.ac.kr/#/search/detail/624747
철학이란 무엇인가,"Russell, Bertrand","서울 :文藝,2008",110 R961p황3,https://library.cau.ac.kr/#/search/detail/623309
(최신) 공업열역학 =Engineering thermodynamics,노승탁,"서울 :문운당,2008(2017 9쇄)",621.4021 노승탁최4,https://library.cau.ac.kr/#/search/detail/620208
한국의 부동산 금융 :건국대학교 부동산대학원.국민은행연구소 공동기획,손재영,"서울 :건국대학교,2008",332.72 손재영한,https://library.cau.ac.kr/#/search/detail/619598
핵심인재 :그들은 누구인가! :핵심인재 확보·육성·유지전략 국내기업 35사례,한국인사관리협회,"서울 :한국인사관리협회,2005",658.3 한국인핵,https://library.cau.ac.kr/#/search/detail/611163
무지개 원리 =Blessing of the rainbow :하는 일마다 잘되리라,차동엽,"서울 :위즈앤비즈,2007",158.1 차동엽무 2007,https://library.cau.ac.kr/#/search/detail/607960
HR 스코어카드 :HR 성과측정은 기업혁신의 전략적 무기이다,"Becker, Brian E","서울 :세종서적,2002(2005 4쇄)",658.3 B395h최,https://library.cau.ac.kr/#/search/detail/607479
감사의 힘 :0.3초의 기적,"Norville, Deborah","서울 :위즈덤하우스,2008(2012 19쇄)",179.9 N891t김,https://library.cau.ac.kr/#/search/detail/605786
퓨처와이즈,"Dixon, Patrick","서울 :엘도라도,2007(2008 7쇄)",303.490905 D621f4고,https://library.cau.ac.kr/#/search/detail/600901
글쓰기 생각쓰기,"Zinsser, William Knowlton","파주 :돌베게,2007",808.042 Z78o이,https://library.cau.ac.kr/#/search/detail/600709
급진적 진화 :과학의 진보가 가져올 인류의 미래,"Garreau, Joel","서울 :지식의숲,2007",128 G239r임,https://library.cau.ac.kr/#/search/detail/594858
"달콤한 수학사.1,탈레스의 증명부터 피보나치의 수열까지","Bradley, Michael J","서울 :일출봉,2007",510.9 B811b오 v.1,https://library.cau.ac.kr/#/search/detail/593139
승자의 저주 :경제현상의 패러독스와 행동경제학,"Thaler, Richard H","서울 :이음,2007.",330 T365w최,https://library.cau.ac.kr/#/search/detail/591145
원형과 변용 :한국 경제개발계획의 기원,박태균,"서울 :서울대학교 출판부 :서울대학교출판문화원,2007(2016 4쇄)",330.951 박태균원,https://library.cau.ac.kr/#/search/detail/586627
개경의 생활사 :고려 500년 서울,강호선,"서울 :휴머니스트,2007",951.4 한국역개휴,https://library.cau.ac.kr/#/search/detail/578128
이 책을 먹으라,"Peterson, Eugene H","서울 :IVP :한국기독학생회출판부,2006(2008 6쇄)",220.071 P485e양,https://library.cau.ac.kr/#/search/detail/576028
상실 수업 :<인생수업> 두 번째 가르침,"Kübler-Ross, Elisabeth","파주 :이레,2007(2010 9쇄)",155.937 K95o김,https://library.cau.ac.kr/#/search/detail/575051
극단적 미래예측,"Canton, James","파주 :김영사,2007",303.49 C232e김,https://library.cau.ac.kr/#/search/detail/568597
롱테일 경제학,"Anderson, Chris","서울 :랜덤하우스코리아,2006",658.802 A545L이 별책,https://library.cau.ac.kr/#/search/detail/559800
누구나 10kg 뺄 수 있다 :국내 유명 인사들의 비만 주치의 유태우 박사의 다이어트 코칭 북,유태우,"서울 :삼성출판사,2006(2009 20쇄)",613.25 유태우누,https://library.cau.ac.kr/#/search/detail/546589
사랑하거나 미치거나,권지예,"서울 :시공사,2005(2006 3쇄)",811.3 권지예사,https://library.cau.ac.kr/#/search/detail/537261
완벽한 하루,"Page, Martin","서울 :문이당,2005",843 P133p이,https://library.cau.ac.kr/#/search/detail/532960
조선왕실의 미술문화,이성미,"서울 :대원사,2005",709.51 이성미조,https://library.cau.ac.kr/#/search/detail/532627
배려 :마음을 움직이는 힘,한상복,"서울 :위즈덤하우스,2006(2008 55쇄)",179.9 한상복배,https://library.cau.ac.kr/#/search/detail/531083
페미니즘의 시각에서 본 가족,"Thorne, Barrie","파주 :한울아카데미,2003(2017 9쇄)",306.85 T511r권2,https://library.cau.ac.kr/#/search/detail/528100
기술 의학 윤리 :책임 원칙의 실천,"Jonas, Hans","서울 :솔출판사,2005",174.96 J76t이,https://library.cau.ac.kr/#/search/detail/527863
복잡계 개론 :세상을 움직이는 숨겨진 질서 읽기,윤영수,"서울 :삼성경제연구소,2005(2006 2쇄)",003.7 윤영수복,https://library.cau.ac.kr/#/search/detail/527741
어느 수학자의 변명,"Hardy, Godfrey Harold","서울 :세시,2005",510 H269m정,https://library.cau.ac.kr/#/search/detail/521400
행복의 정복,"Russell, Bertrand","서울 :사회평론,2005",null,https://library.cau.ac.kr/#/search/detail/520626
중세 최대의 연애사건 :엘로이즈와 아벨라르의 금단의 사랑,"Horst, Eberhard","서울 :생각의나무,2005",189.4 H819h모,https://library.cau.ac.kr/#/search/detail/506052
세계사 편력 :아버지가 딸에게 들려 주는 세계사 이야기,"Nehru, Jawaharlal","서울 :일빛,2004(2005 쇄)",909 N396g곽3 v.1/v.2/v.3,https://library.cau.ac.kr/#/search/detail/504050
마흔으로 산다는 것,전경일,"서울 :다산북스,2005",305.244 전경일마,https://library.cau.ac.kr/#/search/detail/500894
(세계를 뒤흔든) 독립 선언서,"Driver, Stephanie Schwartz","서울 :그린비,2005",973.313 D782d안,https://library.cau.ac.kr/#/search/detail/492875
경영의 교양을 읽는다 :현대인이 알아야 할 경영의 모든것,박기찬,"서울 :더난출판,2005","658 박기찬경, 658 이윤철경",https://library.cau.ac.kr/#/search/detail/481482
사막을 건너는 여섯 가지 방법,"Donahue, Steve","파주 :김영사,2005(2010 27쇄)",916.60433 D674s고,https://library.cau.ac.kr/#/search/detail/480446
추기경 김수환 이야기 :김수환추기경 회고록,김수환,"서울 :평화방송 :평화신문,2004(2005 쇄)",282.092 김수환평,https://library.cau.ac.kr/#/search/detail/480151
20세기 러시아 현대사,"Thompson, John M","서울 :사회평론,2004",947.083 T468v김,https://library.cau.ac.kr/#/search/detail/480098
(톰 피터스의) 미래를 경영하라!,"Peters, Tomas J","파주 :21세기북스 :북21,2005",658 P483r정,https://library.cau.ac.kr/#/search/detail/479537
(한국진출) 초우량기업 인사관리 사례집,한국인사관리협회,"서울 :한국인사관리협회,2003(2005 4쇄)",658.3 한국인초,https://library.cau.ac.kr/#/search/detail/478000
수량경제사로 다시 본 조선후기,이영훈,"서울 :서울대학교출판부 :서울대학교출판문화원,2004(2014 7쇄)",951.5 이영훈수,https://library.cau.ac.kr/#/search/detail/469066
21세기 애니메이션의 혁명가들 :2D 애니메이션의 시대를 넘어서,"Pilling, Jayne","서울 :한울,2003",778.5347 P641a김,https://library.cau.ac.kr/#/search/detail/468469
Code reading :오픈소스 관점에서 본 코드 읽기,"Spinellis, Diomidis","서울 :정보문화사,2004",005.1 S757c류,https://library.cau.ac.kr/#/search/detail/465253
한국근대금융연구 :조선식산은행과 식민지 경제,정병욱,"서울 :역사비평사,2004",332.0951 정병욱한,https://library.cau.ac.kr/#/search/detail/463478
"여성과 일상생활 :사랑, 결혼, 그리고 페미니즘","Lasch, Christopher","서울 :문학과지성사,2004",305.409 L341w오,https://library.cau.ac.kr/#/search/detail/463026
"치장의 역사 :아름다움을 향한 여성의 욕망, 그 매혹의 세계","Fontanel, Béatrice","파주 :김영사,2004",704.9424 F679e김,https://library.cau.ac.kr/#/search/detail/462635
마케팅 슈퍼스타,"Fox, Jeffrey J","서울 :더난출판,2004",381 F792h정,https://library.cau.ac.kr/#/search/detail/455564
(메모 습관을 두 배로 강화시키는) 메모의 기술.2,최효찬,"서울 :해바라기,2004(2005 4쇄)",651.755 최효찬메 v.2,https://library.cau.ac.kr/#/search/detail/455089
유럽의 마녀사냥,"Levack, Brian P","서울 :소나무,2003",133.43094 L655w김,https://library.cau.ac.kr/#/search/detail/434802
"판별분석, 로지스틱 회귀모형 :통계적 분류방법",박상언,"서울 :민영사,2002",519.50285 박상언판,https://library.cau.ac.kr/#/search/detail/433397
생명이란 무엇인가 :물리학자의 관점에서 본 생명현상,"Schrödinger, Erwin","서울 :한울,2001(2017 11쇄)",570 S381w서2,https://library.cau.ac.kr/#/search/detail/428919
도둑의 문화사 :불을 훔친 신화 속의 프로메테우스부터 마릴린 먼로의 팬티를 훔친 소매치기까지 다양한 시대와 문화를 반영한 도둑질의 문화사회학,손현아,"서울 :이마고,2003","306.09 도변창도손, 364.162 니봉연도손",https://library.cau.ac.kr/#/search/detail/421784
(7개 키워드로 읽는)사회와 건축공간,최윤경,"서울 :Spacetime :시공문화사,2003",720.19 최윤경사,https://library.cau.ac.kr/#/search/detail/420409
목적이 이끄는 삶 :나는 왜 세상에 존재하는가,"Warren, Richard","서울 :디모데,2003(2010 500쇄)",248.4 W292p고,https://library.cau.ac.kr/#/search/detail/418330
정치학의 이해,김세균,"서울 :博英社,2003(2012 쇄)",320 서울대정,https://library.cau.ac.kr/#/search/detail/416713
On & Off,출정신지,"서울 :청림출판,2003",658.4 출정신o정,https://library.cau.ac.kr/#/search/detail/399655
(다시 읽는) 드레퓌스 사건 :인권정의 진실의 이름으로,"Israël, Armand","서울 :자인,2002",944.081 D778i이,https://library.cau.ac.kr/#/search/detail/373116
위대한 나의 발견 강점 혁명,"Buckingham, Marcus","서울 :청림출판,2002(2011 55쇄)",658.409 B923n박,https://library.cau.ac.kr/#/search/detail/372004
건축을 향하여,Le Corbusier,서울,720 L467v이,https://library.cau.ac.kr/#/search/detail/368368
오일러가 사랑한 수 e,"Maor, Eli","서울 :경문사,2000",512.73 M296e허,https://library.cau.ac.kr/#/search/detail/360330
한국외식산업총람,데이코산업연구소,"서울 :데이코산업연구소,2001",R 338.4764795 데이코한 2001/2002/2003/2004/2005/2006/2007/2009/2010,https://library.cau.ac.kr/#/search/detail/358595
잭 웰치·끝없는 도전과 용기,"Welch, Jack","서울 :청림출판,2001",338.762138 W439j이,https://library.cau.ac.kr/#/search/detail/353744
(Internet) 부자국민 일등경제 :이원복·송병락의 21세기 대한민국 경제교과서,이원복,"서울 :김영사,2001",330.951 송병락이,https://library.cau.ac.kr/#/search/detail/352899
르네상스를 만든 사람들,염야칠생,"서울 :한길사,2001(2009 8쇄)",945.05 염야칠루김한,https://library.cau.ac.kr/#/search/detail/352894
(21세기) 먼나라 이웃나라,이원복,"서울 :김영사,2003-",910.2 이원복이 v.9,https://library.cau.ac.kr/#/search/detail/352787
"마이클 조던, 나이키, 지구 자본주의","Lafeber, Walter","서울 :문학과지성사,2001",796.323092 J82L이,https://library.cau.ac.kr/#/search/detail/346991
우리는 기적이라 말하지 않는다,서두칠,"서울 :김영사,2001",658.4063 서두칠우,https://library.cau.ac.kr/#/search/detail/338485
한국호의 침몰 :이대로 가면 진짜 망한다,지만원,"서울 :현암사,2000",330.951 지만원한,https://library.cau.ac.kr/#/search/detail/325093
책임의 원칙 :기술시대의 생태학적 윤리,"Jonas, Hans","서울 :서광사,1994",170.42 J76p이,https://library.cau.ac.kr/#/search/detail/322608
우리는 다시 만나기 위해 태어났다,"Canfield, Jack","서울 :푸른숲,1999(2000 6쇄)",306.7 C222c류,https://library.cau.ac.kr/#/search/detail/317345
기형도 전집 :시·소설·산문·자료,기형도,"서울 :문학과지성사,1999(2017 29쇄)",811.08 기형도기,https://library.cau.ac.kr/#/search/detail/288193
경제 기사 쉽게 읽는 법,정순원,"서울 :매일경제신문사,1998",330 정순원경,https://library.cau.ac.kr/#/search/detail/276106
지식혁명보고서 :당신도 지식인입니다,강영철,"서울 :매일경제신문사,1998",658.4038 매일경지,https://library.cau.ac.kr/#/search/detail/266914
지금 알고 있는 걸 그때도 알았더라면 :잠언 시집,류시화,서울,811.1 류시화지,https://library.cau.ac.kr/#/search/detail/253218
신창조론,이면우,"서울 :한국경제신문사,1998",658.406 이면우신,https://library.cau.ac.kr/#/search/detail/253098
꿈꾸는 자만이 세상을 바꿀수 있다,서경석,"서울 :웅진출판,1996",811.8 서경석꿈,https://library.cau.ac.kr/#/search/detail/74336
韓國考古學槪說,김원룡,"서울 :一志社,1986(2008 17쇄)",951.2 김원룡한3,https://library.cau.ac.kr/#/search/detail/67419
신사고 이론 20,이면우,"서울 :삶과꿈,1995(1996 17쇄)",658.001 이면우신,https://library.cau.ac.kr/#/search/detail/51551
공예문화,유종열,"서울 :신구문화사,1993(2014 5쇄)",745.5 유종열공민,https://library.cau.ac.kr/#/search/detail/44993
(만화로 보는) 한국·한국인·한국 경제,이원복,"서울 :동아출판사,1993(1995 18쇄)",330.951 송병락한동,https://library.cau.ac.kr/#/search/detail/33876
아이디어 깨우기,김용운,"서울 :김영사,1995",510 김용운아,https://library.cau.ac.kr/#/search/detail/30341
나의 문화유산답사기,유홍준,"서울 :창작과 비평사,1993-1997",915.1 유홍준나 v.1/v.2/v.3,https://library.cau.ac.kr/#/search/detail/3607
